eegAndStage.DBL-NO-D0793-HALO-AL-20161006.pkl,features.rawDataWithFreqHistoWithTime.withoutEMG.DBL-NO-D0793-HALO-AL-20161006.pkl,DBL-NO-D0793-HALO-AL-20161006
eegAndStage.DBL-NO-D0793-HALO-BL-20161005.pkl,features.rawDataWithFreqHistoWithTime.withoutEMG.DBL-NO-D0793-HALO-BL-20161005.pkl,DBL-NO-D0793-HALO-BL-20161005
eegAndStage.DBL-NO-D0827-HALO-AL-20161202.pkl,features.rawDataWithFreqHistoWithTime.withoutEMG.DBL-NO-D0827-HALO-AL-20161202.pkl,DBL-NO-D0827-HALO-AL-20161202
eegAndStage.DBL-NO-D0827-HALO-BL-20161201.pkl,features.rawDataWithFreqHistoWithTime.withoutEMG.DBL-NO-D0827-HALO-BL-20161201.pkl,DBL-NO-D0827-HALO-BL-20161201
eegAndStage.DBL-NO-D0828-HALO-AL-20161202.pkl,features.rawDataWithFreqHistoWithTime.withoutEMG.DBL-NO-D0828-HALO-AL-20161202.pkl,DBL-NO-D0828-HALO-AL-20161202
eegAndStage.DBL-NO-D0828-HALO-BL-20161201.pkl,features.rawDataWithFreqHistoWithTime.withoutEMG.DBL-NO-D0828-HALO-BL-20161201.pkl,DBL-NO-D0828-HALO-BL-20161201
eegAndStage.DBL-NO-D0830-HALO-AL-20161206.pkl,features.rawDataWithFreqHistoWithTime.withoutEMG.DBL-NO-D0830-HALO-AL-20161206.pkl,DBL-NO-D0830-HALO-AL-20161206
eegAndStage.DBL-NO-D0830-HALO-BL-20161205.pkl,features.rawDataWithFreqHistoWithTime.withoutEMG.DBL-NO-D0830-HALO-BL-20161205.pkl,DBL-NO-D0830-HALO-BL-20161205
eegAndStage.DBL-NO-D0831-HALO-AL-20161206.pkl,features.rawDataWithFreqHistoWithTime.withoutEMG.DBL-NO-D0831-HALO-AL-20161206.pkl,DBL-NO-D0831-HALO-AL-20161206
eegAndStage.DBL-NO-D0831-HALO-BL-20161205.pkl,features.rawDataWithFreqHistoWithTime.withoutEMG.DBL-NO-D0831-HALO-BL-20161205.pkl,DBL-NO-D0831-HALO-BL-20161205
eegAndStage.DBL-NO-D0832-HALO-AL-20161206.pkl,features.rawDataWithFreqHistoWithTime.withoutEMG.DBL-NO-D0832-HALO-AL-20161206.pkl,DBL-NO-D0832-HALO-AL-20161206
eegAndStage.DBL-NO-D0832-HALO-BL-20161205.pkl,features.rawDataWithFreqHistoWithTime.withoutEMG.DBL-NO-D0832-HALO-BL-20161205.pkl,DBL-NO-D0832-HALO-BL-20161205
eegAndStage.DBL-NO-D0845-HALO-AL-20161027.pkl,features.rawDataWithFreqHistoWithTime.withoutEMG.DBL-NO-D0845-HALO-AL-20161027.pkl,DBL-NO-D0845-HALO-AL-20161027
eegAndStage.DBL-NO-D0845-HALO-BL-20161026.pkl,features.rawDataWithFreqHistoWithTime.withoutEMG.DBL-NO-D0845-HALO-BL-20161026.pkl,DBL-NO-D0845-HALO-BL-20161026
eegAndStage.DBL-NO-D0846-HALO-AL-20180531.pkl,features.rawDataWithFreqHistoWithTime.withoutEMG.DBL-NO-D0846-HALO-AL-20180531.pkl,DBL-NO-D0846-HALO-AL-20180531
eegAndStage.DBL-NO-D0846-HALO-BL-20180531.pkl,features.rawDataWithFreqHistoWithTime.withoutEMG.DBL-NO-D0846-HALO-BL-20180531.pkl,DBL-NO-D0846-HALO-BL-20180531
eegAndStage.DBL-NO-D0858-HALO-AL-20180601.pkl,features.rawDataWithFreqHistoWithTime.withoutEMG.DBL-NO-D0858-HALO-AL-20180601.pkl,DBL-NO-D0858-HALO-AL-20180601
eegAndStage.DBL-NO-D0858-HALO-BL-20180604.pkl,features.rawDataWithFreqHistoWithTime.withoutEMG.DBL-NO-D0858-HALO-BL-20180604.pkl,DBL-NO-D0858-HALO-BL-20180604
eegAndStage.DBL-NO-D0859-HALO-AL-20180604.pkl,features.rawDataWithFreqHistoWithTime.withoutEMG.DBL-NO-D0859-HALO-AL-20180604.pkl,DBL-NO-D0859-HALO-AL-20180604
eegAndStage.DBL-NO-D0859-HALO-BL-20180604.pkl,features.rawDataWithFreqHistoWithTime.withoutEMG.DBL-NO-D0859-HALO-BL-20180604.pkl,DBL-NO-D0859-HALO-BL-20180604
eegAndStage.DBL-NO-D0869-HALO-AL-20180606.pkl,features.rawDataWithFreqHistoWithTime.withoutEMG.DBL-NO-D0869-HALO-AL-20180606.pkl,DBL-NO-D0869-HALO-AL-20180606
eegAndStage.DBL-NO-D0869-HALO-BL-20180606.pkl,features.rawDataWithFreqHistoWithTime.withoutEMG.DBL-NO-D0869-HALO-BL-20180606.pkl,DBL-NO-D0869-HALO-BL-20180606
eegAndStage.DBL-NO-D1003-HALO-AL-20161220.pkl,features.rawDataWithFreqHistoWithTime.withoutEMG.DBL-NO-D1003-HALO-AL-20161220.pkl,DBL-NO-D1003-HALO-AL-20161220
eegAndStage.DBL-NO-D1003-HALO-BL-20161219.pkl,features.rawDataWithFreqHistoWithTime.withoutEMG.DBL-NO-D1003-HALO-BL-20161219.pkl,DBL-NO-D1003-HALO-BL-20161219
eegAndStage.DBL-NR-D0088-HALO-AL-20150403.pkl,features.rawDataWithFreqHistoWithTime.withoutEMG.DBL-NR-D0088-HALO-AL-20150403.pkl,DBL-NR-D0088-HALO-AL-20150403
eegAndStage.DBL-NR-D0088-HALO-BL-20150401.pkl,features.rawDataWithFreqHistoWithTime.withoutEMG.DBL-NR-D0088-HALO-BL-20150401.pkl,DBL-NR-D0088-HALO-BL-20150401
eegAndStage.DBL-NR-D0693-HALO-AL-20160824.pkl,features.rawDataWithFreqHistoWithTime.withoutEMG.DBL-NR-D0693-HALO-AL-20160824.pkl,DBL-NR-D0693-HALO-AL-20160824
eegAndStage.DBL-NR-D0693-HALO-BL-20160823.pkl,features.rawDataWithFreqHistoWithTime.withoutEMG.DBL-NR-D0693-HALO-BL-20160823.pkl,DBL-NR-D0693-HALO-BL-20160823
eegAndStage.DBL-NR-D0718-HALO-AL-20160908.pkl,features.rawDataWithFreqHistoWithTime.withoutEMG.DBL-NR-D0718-HALO-AL-20160908.pkl,DBL-NR-D0718-HALO-AL-20160908
eegAndStage.DBL-NR-D0718-HALO-BL-20160907.pkl,features.rawDataWithFreqHistoWithTime.withoutEMG.DBL-NR-D0718-HALO-BL-20160907.pkl,DBL-NR-D0718-HALO-BL-20160907
eegAndStage.DBL-NR-D0720-HALO-AL-20160909.pkl,features.rawDataWithFreqHistoWithTime.withoutEMG.DBL-NR-D0720-HALO-AL-20160909.pkl,DBL-NR-D0720-HALO-AL-20160909
eegAndStage.DBL-NR-D0720-HALO-BL-20160908.pkl,features.rawDataWithFreqHistoWithTime.withoutEMG.DBL-NR-D0720-HALO-BL-20160908.pkl,DBL-NR-D0720-HALO-BL-20160908
eegAndStage.DBL-NR-D0722-HALO-AL-20160909.pkl,features.rawDataWithFreqHistoWithTime.withoutEMG.DBL-NR-D0722-HALO-AL-20160909.pkl,DBL-NR-D0722-HALO-AL-20160909
eegAndStage.DBL-NR-D0722-HALO-BL-20160908.pkl,features.rawDataWithFreqHistoWithTime.withoutEMG.DBL-NR-D0722-HALO-BL-20160908.pkl,DBL-NR-D0722-HALO-BL-20160908
eegAndStage.DBL-NR-D0723-HALO-AL-20160912.pkl,features.rawDataWithFreqHistoWithTime.withoutEMG.DBL-NR-D0723-HALO-AL-20160912.pkl,DBL-NR-D0723-HALO-AL-20160912
eegAndStage.DBL-NR-D0723-HALO-BL-20160911.pkl,features.rawDataWithFreqHistoWithTime.withoutEMG.DBL-NR-D0723-HALO-BL-20160911.pkl,DBL-NR-D0723-HALO-BL-20160911
eegAndStage.DBL-NR-D0724-HALO-AL-20160912.pkl,features.rawDataWithFreqHistoWithTime.withoutEMG.DBL-NR-D0724-HALO-AL-20160912.pkl,DBL-NR-D0724-HALO-AL-20160912
eegAndStage.DBL-NR-D0724-HALO-BL-20160911.pkl,features.rawDataWithFreqHistoWithTime.withoutEMG.DBL-NR-D0724-HALO-BL-20160911.pkl,DBL-NR-D0724-HALO-BL-20160911
eegAndStage.DBL-NR-D0761-HALO-AL-20161003.pkl,features.rawDataWithFreqHistoWithTime.withoutEMG.DBL-NR-D0761-HALO-AL-20161003.pkl,DBL-NR-D0761-HALO-AL-20161003
eegAndStage.DBL-NR-D0761-HALO-BL-20161002.pkl,features.rawDataWithFreqHistoWithTime.withoutEMG.DBL-NR-D0761-HALO-BL-20161002.pkl,DBL-NR-D0761-HALO-BL-20161002
eegAndStage.DBL-NR-D0763-HALO-AL-20161003.pkl,features.rawDataWithFreqHistoWithTime.withoutEMG.DBL-NR-D0763-HALO-AL-20161003.pkl,DBL-NR-D0763-HALO-AL-20161003
eegAndStage.DBL-NR-D0763-HALO-BL-20161002.pkl,features.rawDataWithFreqHistoWithTime.withoutEMG.DBL-NR-D0763-HALO-BL-20161002.pkl,DBL-NR-D0763-HALO-BL-20161002
eegAndStage.DBL-RE-D0049-HALO-AL-20150211.pkl,features.rawDataWithFreqHistoWithTime.withoutEMG.DBL-RE-D0049-HALO-AL-20150211.pkl,DBL-RE-D0049-HALO-AL-20150211
eegAndStage.DBL-RE-D0049-HALO-BL-20150209.pkl,features.rawDataWithFreqHistoWithTime.withoutEMG.DBL-RE-D0049-HALO-BL-20150209.pkl,DBL-RE-D0049-HALO-BL-20150209
eegAndStage.DBL-RE-D0057-HALO-AL-20150219.pkl,features.rawDataWithFreqHistoWithTime.withoutEMG.DBL-RE-D0057-HALO-AL-20150219.pkl,DBL-RE-D0057-HALO-AL-20150219
eegAndStage.DBL-RE-D0057-HALO-BL-20150218.pkl,features.rawDataWithFreqHistoWithTime.withoutEMG.DBL-RE-D0057-HALO-BL-20150218.pkl,DBL-RE-D0057-HALO-BL-20150218
eegAndStage.DBL-RE-D0062-HALO-AL-20150227.pkl,features.rawDataWithFreqHistoWithTime.withoutEMG.DBL-RE-D0062-HALO-AL-20150227.pkl,DBL-RE-D0062-HALO-AL-20150227
eegAndStage.DBL-RE-D0062-HALO-BL-20150226.pkl,features.rawDataWithFreqHistoWithTime.withoutEMG.DBL-RE-D0062-HALO-BL-20150226.pkl,DBL-RE-D0062-HALO-BL-20150226
eegAndStage.DBL-RE-D0063-HALO-AL-20150302.pkl,features.rawDataWithFreqHistoWithTime.withoutEMG.DBL-RE-D0063-HALO-AL-20150302.pkl,DBL-RE-D0063-HALO-AL-20150302
eegAndStage.DBL-RE-D0063-HALO-BL-20150227.pkl,features.rawDataWithFreqHistoWithTime.withoutEMG.DBL-RE-D0063-HALO-BL-20150227.pkl,DBL-RE-D0063-HALO-BL-20150227
eegAndStage.DBL-RE-D0074-HALO-AL-20150316.pkl,features.rawDataWithFreqHistoWithTime.withoutEMG.DBL-RE-D0074-HALO-AL-20150316.pkl,DBL-RE-D0074-HALO-AL-20150316
eegAndStage.DBL-RE-D0074-HALO-BL-20150313.pkl,features.rawDataWithFreqHistoWithTime.withoutEMG.DBL-RE-D0074-HALO-BL-20150313.pkl,DBL-RE-D0074-HALO-BL-20150313
eegAndStage.DBL-RE-D0642-HALO-AL-20160713.pkl,features.rawDataWithFreqHistoWithTime.withoutEMG.DBL-RE-D0642-HALO-AL-20160713.pkl,DBL-RE-D0642-HALO-AL-20160713
eegAndStage.DBL-RE-D0642-HALO-BL-20160712.pkl,features.rawDataWithFreqHistoWithTime.withoutEMG.DBL-RE-D0642-HALO-BL-20160712.pkl,DBL-RE-D0642-HALO-BL-20160712
eegAndStage.DBL-RE-D0644-HALO-AL-20160714.pkl,features.rawDataWithFreqHistoWithTime.withoutEMG.DBL-RE-D0644-HALO-AL-20160714.pkl,DBL-RE-D0644-HALO-AL-20160714
eegAndStage.DBL-RE-D0644-HALO-BL-20160713.pkl,features.rawDataWithFreqHistoWithTime.withoutEMG.DBL-RE-D0644-HALO-BL-20160713.pkl,DBL-RE-D0644-HALO-BL-20160713
eegAndStage.DBL-RE-D0657-HALO-AL-20160719.pkl,features.rawDataWithFreqHistoWithTime.withoutEMG.DBL-RE-D0657-HALO-AL-20160719.pkl,DBL-RE-D0657-HALO-AL-20160719
eegAndStage.DBL-RE-D0657-HALO-BL-20160718.pkl,features.rawDataWithFreqHistoWithTime.withoutEMG.DBL-RE-D0657-HALO-BL-20160718.pkl,DBL-RE-D0657-HALO-BL-20160718
eegAndStage.DBL-RE-D0666-HALO-AL-20160722.pkl,features.rawDataWithFreqHistoWithTime.withoutEMG.DBL-RE-D0666-HALO-AL-20160722.pkl,DBL-RE-D0666-HALO-AL-20160722
eegAndStage.DBL-RE-D0666-HALO-BL-20160720.pkl,features.rawDataWithFreqHistoWithTime.withoutEMG.DBL-RE-D0666-HALO-BL-20160720.pkl,DBL-RE-D0666-HALO-BL-20160720
eegAndStage.DBL-RE-D1059-HALO-AL-20170116.pkl,features.rawDataWithFreqHistoWithTime.withoutEMG.DBL-RE-D1059-HALO-AL-20170116.pkl,DBL-RE-D1059-HALO-AL-20170116
eegAndStage.DBL-RE-D1059-HALO-BL-20170115.pkl,features.rawDataWithFreqHistoWithTime.withoutEMG.DBL-RE-D1059-HALO-BL-20170115.pkl,DBL-RE-D1059-HALO-BL-20170115
eegAndStage.DBL-RE-D1060-HALO-AL-20170116.pkl,features.rawDataWithFreqHistoWithTime.withoutEMG.DBL-RE-D1060-HALO-AL-20170116.pkl,DBL-RE-D1060-HALO-AL-20170116
eegAndStage.DBL-RE-D1060-HALO-BL-20170115.pkl,features.rawDataWithFreqHistoWithTime.withoutEMG.DBL-RE-D1060-HALO-BL-20170115.pkl,DBL-RE-D1060-HALO-BL-20170115
eegAndStage.DBL-RE-D1279-HALO-AL-20170410.pkl,features.rawDataWithFreqHistoWithTime.withoutEMG.DBL-RE-D1279-HALO-AL-20170410.pkl,DBL-RE-D1279-HALO-AL-20170410
eegAndStage.DBL-RE-D1279-HALO-BL-20170409.pkl,features.rawDataWithFreqHistoWithTime.withoutEMG.DBL-RE-D1279-HALO-BL-20170409.pkl,DBL-RE-D1279-HALO-BL-20170409
eegAndStage.DBL-RE-D1285-HALO-AL-20170407.pkl,features.rawDataWithFreqHistoWithTime.withoutEMG.DBL-RE-D1285-HALO-AL-20170407.pkl,DBL-RE-D1285-HALO-AL-20170407
eegAndStage.DBL-RE-D1285-HALO-BL-20170406.pkl,features.rawDataWithFreqHistoWithTime.withoutEMG.DBL-RE-D1285-HALO-BL-20170406.pkl,DBL-RE-D1285-HALO-BL-20170406
eegAndStage.DBL-WA-D0209-HALO-AL-20150527.pkl,features.rawDataWithFreqHistoWithTime.withoutEMG.DBL-WA-D0209-HALO-AL-20150527.pkl,DBL-WA-D0209-HALO-AL-20150527
eegAndStage.DBL-WA-D0209-HALO-BL-20150526.pkl,features.rawDataWithFreqHistoWithTime.withoutEMG.DBL-WA-D0209-HALO-BL-20150526.pkl,DBL-WA-D0209-HALO-BL-20150526
eegAndStage.DBL-WA-D0211-HALO-AL-20150529.pkl,features.rawDataWithFreqHistoWithTime.withoutEMG.DBL-WA-D0211-HALO-AL-20150529.pkl,DBL-WA-D0211-HALO-AL-20150529
eegAndStage.DBL-WA-D0211-HALO-BL-20150528.pkl,features.rawDataWithFreqHistoWithTime.withoutEMG.DBL-WA-D0211-HALO-BL-20150528.pkl,DBL-WA-D0211-HALO-BL-20150528
eegAndStage.DBL-WA-D0214-HALO-AL-20150602.pkl,features.rawDataWithFreqHistoWithTime.withoutEMG.DBL-WA-D0214-HALO-AL-20150602.pkl,DBL-WA-D0214-HALO-AL-20150602
eegAndStage.DBL-WA-D0214-HALO-BL-20150526.pkl,features.rawDataWithFreqHistoWithTime.withoutEMG.DBL-WA-D0214-HALO-BL-20150526.pkl,DBL-WA-D0214-HALO-BL-20150526
eegAndStage.DBL-WA-D0215-HALO-AL-20150606.pkl,features.rawDataWithFreqHistoWithTime.withoutEMG.DBL-WA-D0215-HALO-AL-20150606.pkl,DBL-WA-D0215-HALO-AL-20150606
eegAndStage.DBL-WA-D0215-HALO-BL-20150605.pkl,features.rawDataWithFreqHistoWithTime.withoutEMG.DBL-WA-D0215-HALO-BL-20150605.pkl,DBL-WA-D0215-HALO-BL-20150605
eegAndStage.DBL-WA-D0216-HALO-AL-20180607.pkl,features.rawDataWithFreqHistoWithTime.withoutEMG.DBL-WA-D0216-HALO-AL-20180607.pkl,DBL-WA-D0216-HALO-AL-20180607
eegAndStage.DBL-WA-D0216-HALO-BL-20180607.pkl,features.rawDataWithFreqHistoWithTime.withoutEMG.DBL-WA-D0216-HALO-BL-20180607.pkl,DBL-WA-D0216-HALO-BL-20180607
eegAndStage.DBL-WA-D0219-HALO-AL-20150605.pkl,features.rawDataWithFreqHistoWithTime.withoutEMG.DBL-WA-D0219-HALO-AL-20150605.pkl,DBL-WA-D0219-HALO-AL-20150605
eegAndStage.DBL-WA-D0219-HALO-BL-20150604.pkl,features.rawDataWithFreqHistoWithTime.withoutEMG.DBL-WA-D0219-HALO-BL-20150604.pkl,DBL-WA-D0219-HALO-BL-20150604
eegAndStage.DBL-WA-D0226-HALO-AL-20150613.pkl,features.rawDataWithFreqHistoWithTime.withoutEMG.DBL-WA-D0226-HALO-AL-20150613.pkl,DBL-WA-D0226-HALO-AL-20150613
eegAndStage.DBL-WA-D0226-HALO-BL-20150612.pkl,features.rawDataWithFreqHistoWithTime.withoutEMG.DBL-WA-D0226-HALO-BL-20150612.pkl,DBL-WA-D0226-HALO-BL-20150612
eegAndStage.DBL-WA-D0333-HALO-AL-20150611.pkl,features.rawDataWithFreqHistoWithTime.withoutEMG.DBL-WA-D0333-HALO-AL-20150611.pkl,DBL-WA-D0333-HALO-AL-20150611
eegAndStage.DBL-WA-D0333-HALO-BL-20150610.pkl,features.rawDataWithFreqHistoWithTime.withoutEMG.DBL-WA-D0333-HALO-BL-20150610.pkl,DBL-WA-D0333-HALO-BL-20150610
eegAndStage.DBL-WA-D0349-HALO-AL-20150612.pkl,features.rawDataWithFreqHistoWithTime.withoutEMG.DBL-WA-D0349-HALO-AL-20150612.pkl,DBL-WA-D0349-HALO-AL-20150612
eegAndStage.DBL-WA-D0349-HALO-BL-20150611.pkl,features.rawDataWithFreqHistoWithTime.withoutEMG.DBL-WA-D0349-HALO-BL-20150611.pkl,DBL-WA-D0349-HALO-BL-20150611
eegAndStage.DBL-WA-D0352-HALO-AL-20150619.pkl,features.rawDataWithFreqHistoWithTime.withoutEMG.DBL-WA-D0352-HALO-AL-20150619.pkl,DBL-WA-D0352-HALO-AL-20150619
eegAndStage.DBL-WA-D0352-HALO-BL-20150618.pkl,features.rawDataWithFreqHistoWithTime.withoutEMG.DBL-WA-D0352-HALO-BL-20150618.pkl,DBL-WA-D0352-HALO-BL-20150618
eegAndStage.DBL-WA-D0353-HALO-AL-20150619.pkl,features.rawDataWithFreqHistoWithTime.withoutEMG.DBL-WA-D0353-HALO-AL-20150619.pkl,DBL-WA-D0353-HALO-AL-20150619
eegAndStage.DBL-WA-D0353-HALO-BL-20150618.pkl,features.rawDataWithFreqHistoWithTime.withoutEMG.DBL-WA-D0353-HALO-BL-20150618.pkl,DBL-WA-D0353-HALO-BL-20150618
eegAndStage.DBL-WA-D1740-HALO-AL-20180626.pkl,features.rawDataWithFreqHistoWithTime.withoutEMG.DBL-WA-D1740-HALO-AL-20180626.pkl,DBL-WA-D1740-HALO-AL-20180626
eegAndStage.HET-NO-D0791-HALO-AL-20161006.pkl,features.rawDataWithFreqHistoWithTime.withoutEMG.HET-NO-D0791-HALO-AL-20161006.pkl,HET-NO-D0791-HALO-AL-20161006
eegAndStage.HET-NO-D0791-HALO-BL-20161005.pkl,features.rawDataWithFreqHistoWithTime.withoutEMG.HET-NO-D0791-HALO-BL-20161005.pkl,HET-NO-D0791-HALO-BL-20161005
eegAndStage.HET-NO-D0794-HALO-AL-20161007.pkl,features.rawDataWithFreqHistoWithTime.withoutEMG.HET-NO-D0794-HALO-AL-20161007.pkl,HET-NO-D0794-HALO-AL-20161007
eegAndStage.HET-NO-D0794-HALO-BL-20161006.pkl,features.rawDataWithFreqHistoWithTime.withoutEMG.HET-NO-D0794-HALO-BL-20161006.pkl,HET-NO-D0794-HALO-BL-20161006
eegAndStage.HET-NO-D0847-HALO-AL-20180601.pkl,features.rawDataWithFreqHistoWithTime.withoutEMG.HET-NO-D0847-HALO-AL-20180601.pkl,HET-NO-D0847-HALO-AL-20180601
eegAndStage.HET-NO-D0847-HALO-BL-20180601.pkl,features.rawDataWithFreqHistoWithTime.withoutEMG.HET-NO-D0847-HALO-BL-20180601.pkl,HET-NO-D0847-HALO-BL-20180601
eegAndStage.HET-NO-D0860-HALO-AL-20180604.pkl,features.rawDataWithFreqHistoWithTime.withoutEMG.HET-NO-D0860-HALO-AL-20180604.pkl,HET-NO-D0860-HALO-AL-20180604
eegAndStage.HET-NO-D0860-HALO-BL-20180605.pkl,features.rawDataWithFreqHistoWithTime.withoutEMG.HET-NO-D0860-HALO-BL-20180605.pkl,HET-NO-D0860-HALO-BL-20180605
eegAndStage.HET-NO-D0868-HALO-AL-20180605.pkl,features.rawDataWithFreqHistoWithTime.withoutEMG.HET-NO-D0868-HALO-AL-20180605.pkl,HET-NO-D0868-HALO-AL-20180605
eegAndStage.HET-NO-D0868-HALO-BL-20180605.pkl,features.rawDataWithFreqHistoWithTime.withoutEMG.HET-NO-D0868-HALO-BL-20180605.pkl,HET-NO-D0868-HALO-BL-20180605
eegAndStage.HET-NO-D1004-HALO-AL-20161220.pkl,features.rawDataWithFreqHistoWithTime.withoutEMG.HET-NO-D1004-HALO-AL-20161220.pkl,HET-NO-D1004-HALO-AL-20161220
eegAndStage.HET-NO-D1004-HALO-BL-20161219.pkl,features.rawDataWithFreqHistoWithTime.withoutEMG.HET-NO-D1004-HALO-BL-20161219.pkl,HET-NO-D1004-HALO-BL-20161219
eegAndStage.HET-NO-D1005-HALO-AL-20161220.pkl,features.rawDataWithFreqHistoWithTime.withoutEMG.HET-NO-D1005-HALO-AL-20161220.pkl,HET-NO-D1005-HALO-AL-20161220
eegAndStage.HET-NO-D1005-HALO-BL-20161219.pkl,features.rawDataWithFreqHistoWithTime.withoutEMG.HET-NO-D1005-HALO-BL-20161219.pkl,HET-NO-D1005-HALO-BL-20161219
eegAndStage.HET-NO-D1012-HALO-AL-20161221.pkl,features.rawDataWithFreqHistoWithTime.withoutEMG.HET-NO-D1012-HALO-AL-20161221.pkl,HET-NO-D1012-HALO-AL-20161221
eegAndStage.HET-NO-D1012-HALO-BL-20161220.pkl,features.rawDataWithFreqHistoWithTime.withoutEMG.HET-NO-D1012-HALO-BL-20161220.pkl,HET-NO-D1012-HALO-BL-20161220
eegAndStage.HET-NO-D1014-HALO-AL-20161222.pkl,features.rawDataWithFreqHistoWithTime.withoutEMG.HET-NO-D1014-HALO-AL-20161222.pkl,HET-NO-D1014-HALO-AL-20161222
eegAndStage.HET-NO-D1014-HALO-BL-20161221.pkl,features.rawDataWithFreqHistoWithTime.withoutEMG.HET-NO-D1014-HALO-BL-20161221.pkl,HET-NO-D1014-HALO-BL-20161221
eegAndStage.HET-NO-D1026-HALO-AL-20161224.pkl,features.rawDataWithFreqHistoWithTime.withoutEMG.HET-NO-D1026-HALO-AL-20161224.pkl,HET-NO-D1026-HALO-AL-20161224
eegAndStage.HET-NO-D1026-HALO-BL-20161223.pkl,features.rawDataWithFreqHistoWithTime.withoutEMG.HET-NO-D1026-HALO-BL-20161223.pkl,HET-NO-D1026-HALO-BL-20161223
eegAndStage.HET-NO-D1162-HALO-AL-20170131.pkl,features.rawDataWithFreqHistoWithTime.withoutEMG.HET-NO-D1162-HALO-AL-20170131.pkl,HET-NO-D1162-HALO-AL-20170131
eegAndStage.HET-NO-D1162-HALO-BL-20170130.pkl,features.rawDataWithFreqHistoWithTime.withoutEMG.HET-NO-D1162-HALO-BL-20170130.pkl,HET-NO-D1162-HALO-BL-20170130
eegAndStage.HET-NR-D0090-HALO-AL-20150406.pkl,features.rawDataWithFreqHistoWithTime.withoutEMG.HET-NR-D0090-HALO-AL-20150406.pkl,HET-NR-D0090-HALO-AL-20150406
eegAndStage.HET-NR-D0090-HALO-BL-20150404.pkl,features.rawDataWithFreqHistoWithTime.withoutEMG.HET-NR-D0090-HALO-BL-20150404.pkl,HET-NR-D0090-HALO-BL-20150404
eegAndStage.HET-NR-D0102-HALO-AL-20150414.pkl,features.rawDataWithFreqHistoWithTime.withoutEMG.HET-NR-D0102-HALO-AL-20150414.pkl,HET-NR-D0102-HALO-AL-20150414
eegAndStage.HET-NR-D0102-HALO-BL-20150411.pkl,features.rawDataWithFreqHistoWithTime.withoutEMG.HET-NR-D0102-HALO-BL-20150411.pkl,HET-NR-D0102-HALO-BL-20150411
eegAndStage.HET-NR-D0105-HALO-AL-20150416.pkl,features.rawDataWithFreqHistoWithTime.withoutEMG.HET-NR-D0105-HALO-AL-20150416.pkl,HET-NR-D0105-HALO-AL-20150416
eegAndStage.HET-NR-D0105-HALO-BL-20150415.pkl,features.rawDataWithFreqHistoWithTime.withoutEMG.HET-NR-D0105-HALO-BL-20150415.pkl,HET-NR-D0105-HALO-BL-20150415
eegAndStage.HET-NR-D0132-HALO-AL-20150423.pkl,features.rawDataWithFreqHistoWithTime.withoutEMG.HET-NR-D0132-HALO-AL-20150423.pkl,HET-NR-D0132-HALO-AL-20150423
eegAndStage.HET-NR-D0132-HALO-BL-20150417.pkl,features.rawDataWithFreqHistoWithTime.withoutEMG.HET-NR-D0132-HALO-BL-20150417.pkl,HET-NR-D0132-HALO-BL-20150417
eegAndStage.HET-NR-D0158-HALO-AL-20150507.pkl,features.rawDataWithFreqHistoWithTime.withoutEMG.HET-NR-D0158-HALO-AL-20150507.pkl,HET-NR-D0158-HALO-AL-20150507
eegAndStage.HET-NR-D0158-HALO-BL-20150430.pkl,features.rawDataWithFreqHistoWithTime.withoutEMG.HET-NR-D0158-HALO-BL-20150430.pkl,HET-NR-D0158-HALO-BL-20150430
eegAndStage.HET-NR-D0174-HALO-AL-20150518.pkl,features.rawDataWithFreqHistoWithTime.withoutEMG.HET-NR-D0174-HALO-AL-20150518.pkl,HET-NR-D0174-HALO-AL-20150518
eegAndStage.HET-NR-D0174-HALO-BL-20150516.pkl,features.rawDataWithFreqHistoWithTime.withoutEMG.HET-NR-D0174-HALO-BL-20150516.pkl,HET-NR-D0174-HALO-BL-20150516
eegAndStage.HET-NR-D0178-HALO-AL-20150523.pkl,features.rawDataWithFreqHistoWithTime.withoutEMG.HET-NR-D0178-HALO-AL-20150523.pkl,HET-NR-D0178-HALO-AL-20150523
eegAndStage.HET-NR-D0178-HALO-BL-20150516.pkl,features.rawDataWithFreqHistoWithTime.withoutEMG.HET-NR-D0178-HALO-BL-20150516.pkl,HET-NR-D0178-HALO-BL-20150516
eegAndStage.HET-NR-D0670-HALO-AL-20160725.pkl,features.rawDataWithFreqHistoWithTime.withoutEMG.HET-NR-D0670-HALO-AL-20160725.pkl,HET-NR-D0670-HALO-AL-20160725
eegAndStage.HET-NR-D0670-HALO-BL-20160724.pkl,features.rawDataWithFreqHistoWithTime.withoutEMG.HET-NR-D0670-HALO-BL-20160724.pkl,HET-NR-D0670-HALO-BL-20160724
eegAndStage.HET-NR-D0671-HALO-AL-20160725.pkl,features.rawDataWithFreqHistoWithTime.withoutEMG.HET-NR-D0671-HALO-AL-20160725.pkl,HET-NR-D0671-HALO-AL-20160725
eegAndStage.HET-NR-D0671-HALO-BL-20160724.pkl,features.rawDataWithFreqHistoWithTime.withoutEMG.HET-NR-D0671-HALO-BL-20160724.pkl,HET-NR-D0671-HALO-BL-20160724
eegAndStage.HET-NR-D0674-HALO-AL-20160804.pkl,features.rawDataWithFreqHistoWithTime.withoutEMG.HET-NR-D0674-HALO-AL-20160804.pkl,HET-NR-D0674-HALO-AL-20160804
eegAndStage.HET-NR-D0674-HALO-BL-20160803.pkl,features.rawDataWithFreqHistoWithTime.withoutEMG.HET-NR-D0674-HALO-BL-20160803.pkl,HET-NR-D0674-HALO-BL-20160803
eegAndStage.HET-NR-D0695-HALO-AL-20160824.pkl,features.rawDataWithFreqHistoWithTime.withoutEMG.HET-NR-D0695-HALO-AL-20160824.pkl,HET-NR-D0695-HALO-AL-20160824
eegAndStage.HET-NR-D0695-HALO-BL-20160823.pkl,features.rawDataWithFreqHistoWithTime.withoutEMG.HET-NR-D0695-HALO-BL-20160823.pkl,HET-NR-D0695-HALO-BL-20160823
eegAndStage.HET-NR-D0717-HALO-AL-20160908.pkl,features.rawDataWithFreqHistoWithTime.withoutEMG.HET-NR-D0717-HALO-AL-20160908.pkl,HET-NR-D0717-HALO-AL-20160908
eegAndStage.HET-NR-D0717-HALO-BL-20160907.pkl,features.rawDataWithFreqHistoWithTime.withoutEMG.HET-NR-D0717-HALO-BL-20160907.pkl,HET-NR-D0717-HALO-BL-20160907
eegAndStage.HET-NR-D0721-HALO-AL-20160909.pkl,features.rawDataWithFreqHistoWithTime.withoutEMG.HET-NR-D0721-HALO-AL-20160909.pkl,HET-NR-D0721-HALO-AL-20160909
eegAndStage.HET-NR-D0721-HALO-BL-20160908.pkl,features.rawDataWithFreqHistoWithTime.withoutEMG.HET-NR-D0721-HALO-BL-20160908.pkl,HET-NR-D0721-HALO-BL-20160908
eegAndStage.HET-NR-D1073-HALO-AL-20170119.pkl,features.rawDataWithFreqHistoWithTime.withoutEMG.HET-NR-D1073-HALO-AL-20170119.pkl,HET-NR-D1073-HALO-AL-20170119
eegAndStage.HET-NR-D1073-HALO-BL-20170118.pkl,features.rawDataWithFreqHistoWithTime.withoutEMG.HET-NR-D1073-HALO-BL-20170118.pkl,HET-NR-D1073-HALO-BL-20170118
eegAndStage.HET-RE-D0025-HALO-AL-20141216r.pkl,features.rawDataWithFreqHistoWithTime.withoutEMG.HET-RE-D0025-HALO-AL-20141216r.pkl,HET-RE-D0025-HALO-AL-20141216r
eegAndStage.HET-RE-D0025-HALO-BL-20141214.pkl,features.rawDataWithFreqHistoWithTime.withoutEMG.HET-RE-D0025-HALO-BL-20141214.pkl,HET-RE-D0025-HALO-BL-20141214
eegAndStage.HET-RE-D0064-HALO-AL-20150303.pkl,features.rawDataWithFreqHistoWithTime.withoutEMG.HET-RE-D0064-HALO-AL-20150303.pkl,HET-RE-D0064-HALO-AL-20150303
eegAndStage.HET-RE-D0064-HALO-BL-20150302.pkl,features.rawDataWithFreqHistoWithTime.withoutEMG.HET-RE-D0064-HALO-BL-20150302.pkl,HET-RE-D0064-HALO-BL-20150302
eegAndStage.HET-RE-D0070-HALO-AL-20150310.pkl,features.rawDataWithFreqHistoWithTime.withoutEMG.HET-RE-D0070-HALO-AL-20150310.pkl,HET-RE-D0070-HALO-AL-20150310
eegAndStage.HET-RE-D0070-HALO-BL-20150305.pkl,features.rawDataWithFreqHistoWithTime.withoutEMG.HET-RE-D0070-HALO-BL-20150305.pkl,HET-RE-D0070-HALO-BL-20150305
eegAndStage.HET-RE-D0636-HALO-AL-20160712.pkl,features.rawDataWithFreqHistoWithTime.withoutEMG.HET-RE-D0636-HALO-AL-20160712.pkl,HET-RE-D0636-HALO-AL-20160712
eegAndStage.HET-RE-D0636-HALO-BL-20160711.pkl,features.rawDataWithFreqHistoWithTime.withoutEMG.HET-RE-D0636-HALO-BL-20160711.pkl,HET-RE-D0636-HALO-BL-20160711
eegAndStage.HET-RE-D0643-HALO-AL-20160713.pkl,features.rawDataWithFreqHistoWithTime.withoutEMG.HET-RE-D0643-HALO-AL-20160713.pkl,HET-RE-D0643-HALO-AL-20160713
eegAndStage.HET-RE-D0643-HALO-BL-20160712.pkl,features.rawDataWithFreqHistoWithTime.withoutEMG.HET-RE-D0643-HALO-BL-20160712.pkl,HET-RE-D0643-HALO-BL-20160712
eegAndStage.HET-RE-D0647-HALO-AL-20160714.pkl,features.rawDataWithFreqHistoWithTime.withoutEMG.HET-RE-D0647-HALO-AL-20160714.pkl,HET-RE-D0647-HALO-AL-20160714
eegAndStage.HET-RE-D0647-HALO-BL-20160713.pkl,features.rawDataWithFreqHistoWithTime.withoutEMG.HET-RE-D0647-HALO-BL-20160713.pkl,HET-RE-D0647-HALO-BL-20160713
eegAndStage.HET-RE-D0653-HALO-BL-20160714.pkl,features.rawDataWithFreqHistoWithTime.withoutEMG.HET-RE-D0653-HALO-BL-20160714.pkl,HET-RE-D0653-HALO-BL-20160714
eegAndStage.HET-RE-D0655-HALO-AL-20160716.pkl,features.rawDataWithFreqHistoWithTime.withoutEMG.HET-RE-D0655-HALO-AL-20160716.pkl,HET-RE-D0655-HALO-AL-20160716
eegAndStage.HET-RE-D0655-HALO-BL-20160714.pkl,features.rawDataWithFreqHistoWithTime.withoutEMG.HET-RE-D0655-HALO-BL-20160714.pkl,HET-RE-D0655-HALO-BL-20160714
eegAndStage.HET-RE-D0656-HALO-AL-20160714.pkl,features.rawDataWithFreqHistoWithTime.withoutEMG.HET-RE-D0656-HALO-AL-20160714.pkl,HET-RE-D0656-HALO-AL-20160714
eegAndStage.HET-RE-D0656-HALO-BL-20160713.pkl,features.rawDataWithFreqHistoWithTime.withoutEMG.HET-RE-D0656-HALO-BL-20160713.pkl,HET-RE-D0656-HALO-BL-20160713
eegAndStage.HET-RE-D1047-HALO-AL-20170111.pkl,features.rawDataWithFreqHistoWithTime.withoutEMG.HET-RE-D1047-HALO-AL-20170111.pkl,HET-RE-D1047-HALO-AL-20170111
eegAndStage.HET-RE-D1047-HALO-BL-20170110.pkl,features.rawDataWithFreqHistoWithTime.withoutEMG.HET-RE-D1047-HALO-BL-20170110.pkl,HET-RE-D1047-HALO-BL-20170110
eegAndStage.HET-WA-D0210-HALO-AL-20150528.pkl,features.rawDataWithFreqHistoWithTime.withoutEMG.HET-WA-D0210-HALO-AL-20150528.pkl,HET-WA-D0210-HALO-AL-20150528
eegAndStage.HET-WA-D0210-HALO-BL-20150527.pkl,features.rawDataWithFreqHistoWithTime.withoutEMG.HET-WA-D0210-HALO-BL-20150527.pkl,HET-WA-D0210-HALO-BL-20150527
eegAndStage.HET-WA-D0212-HALO-AL-20150530.pkl,features.rawDataWithFreqHistoWithTime.withoutEMG.HET-WA-D0212-HALO-AL-20150530.pkl,HET-WA-D0212-HALO-AL-20150530
eegAndStage.HET-WA-D0212-HALO-BL-20150529.pkl,features.rawDataWithFreqHistoWithTime.withoutEMG.HET-WA-D0212-HALO-BL-20150529.pkl,HET-WA-D0212-HALO-BL-20150529
eegAndStage.HET-WA-D0217-HALO-AL-20150603.pkl,features.rawDataWithFreqHistoWithTime.withoutEMG.HET-WA-D0217-HALO-AL-20150603.pkl,HET-WA-D0217-HALO-AL-20150603
eegAndStage.HET-WA-D0217-HALO-BL-20150602.pkl,features.rawDataWithFreqHistoWithTime.withoutEMG.HET-WA-D0217-HALO-BL-20150602.pkl,HET-WA-D0217-HALO-BL-20150602
eegAndStage.HET-WA-D0227-HALO-AL-20150617.pkl,features.rawDataWithFreqHistoWithTime.withoutEMG.HET-WA-D0227-HALO-AL-20150617.pkl,HET-WA-D0227-HALO-AL-20150617
eegAndStage.HET-WA-D0227-HALO-BL-20150615.pkl,features.rawDataWithFreqHistoWithTime.withoutEMG.HET-WA-D0227-HALO-BL-20150615.pkl,HET-WA-D0227-HALO-BL-20150615
eegAndStage.HET-WA-D0330-HALO-AL-20150610.pkl,features.rawDataWithFreqHistoWithTime.withoutEMG.HET-WA-D0330-HALO-AL-20150610.pkl,HET-WA-D0330-HALO-AL-20150610
eegAndStage.HET-WA-D0330-HALO-BL-20150609.pkl,features.rawDataWithFreqHistoWithTime.withoutEMG.HET-WA-D0330-HALO-BL-20150609.pkl,HET-WA-D0330-HALO-BL-20150609
eegAndStage.HET-WA-D0332-HALO-AL-20150609.pkl,features.rawDataWithFreqHistoWithTime.withoutEMG.HET-WA-D0332-HALO-AL-20150609.pkl,HET-WA-D0332-HALO-AL-20150609
eegAndStage.HET-WA-D0332-HALO-BL-20150608.pkl,features.rawDataWithFreqHistoWithTime.withoutEMG.HET-WA-D0332-HALO-BL-20150608.pkl,HET-WA-D0332-HALO-BL-20150608
eegAndStage.HET-WA-D0351-HALO-AL-20150618.pkl,features.rawDataWithFreqHistoWithTime.withoutEMG.HET-WA-D0351-HALO-AL-20150618.pkl,HET-WA-D0351-HALO-AL-20150618
eegAndStage.HET-WA-D0351-HALO-BL-20150613.pkl,features.rawDataWithFreqHistoWithTime.withoutEMG.HET-WA-D0351-HALO-BL-20150613.pkl,HET-WA-D0351-HALO-BL-20150613
eegAndStage.HET-WA-D0369-HALO-AL-20150626.pkl,features.rawDataWithFreqHistoWithTime.withoutEMG.HET-WA-D0369-HALO-AL-20150626.pkl,HET-WA-D0369-HALO-AL-20150626
eegAndStage.HET-WA-D0369-HALO-BL-20150625.pkl,features.rawDataWithFreqHistoWithTime.withoutEMG.HET-WA-D0369-HALO-BL-20150625.pkl,HET-WA-D0369-HALO-BL-20150625
eegAndStage.HET-WA-D0377-HALO-AL-20150623.pkl,features.rawDataWithFreqHistoWithTime.withoutEMG.HET-WA-D0377-HALO-AL-20150623.pkl,HET-WA-D0377-HALO-AL-20150623
eegAndStage.HET-WA-D0377-HALO-BL-20150622.pkl,features.rawDataWithFreqHistoWithTime.withoutEMG.HET-WA-D0377-HALO-BL-20150622.pkl,HET-WA-D0377-HALO-BL-20150622
eegAndStage.HET-WA-D1741-HALO-AL-20180626.pkl,features.rawDataWithFreqHistoWithTime.withoutEMG.HET-WA-D1741-HALO-AL-20180626.pkl,HET-WA-D1741-HALO-AL-20180626
eegAndStage.HET-WA-D1741-HALO-BL-20180625.pkl,features.rawDataWithFreqHistoWithTime.withoutEMG.HET-WA-D1741-HALO-BL-20180625.pkl,HET-WA-D1741-HALO-BL-20180625
eegAndStage.HET-WA-D1742-HALO-AL-20180626.pkl,features.rawDataWithFreqHistoWithTime.withoutEMG.HET-WA-D1742-HALO-AL-20180626.pkl,HET-WA-D1742-HALO-AL-20180626
eegAndStage.HET-WA-D1742-HALO-BL-20180625.pkl,features.rawDataWithFreqHistoWithTime.withoutEMG.HET-WA-D1742-HALO-BL-20180625.pkl,HET-WA-D1742-HALO-BL-20180625
